{
	"tempHash": "00863FF066BFFFD6",
	"tbluHash": "003AC319B12EFD47",
	"rootEntity": "fffffffffffffffe",
	"entities": {
		"fffffffffffffffe": {
			"parent": null,
			"name": "Scene",
			"factory": "[modules:/zspatialentity.class].pc_entitytype",
			"blueprint": "[modules:/zspatialentity.class].pc_entityblueprint"
		}
	},
	"propertyOverrides": [],
	"overrideDeletes": [],
	"pinConnectionOverrides": [],
	"pinConnectionOverrideDeletes": [],
	"externalScenes": [
		"[assembly:/_pro/scenes/missions/hawk/scenario_crow.brick].pc_entitytype"
	],
	"subType": "scene",
	"quickEntityVersion": 3.1,
	"extraFactoryDependencies": [],
	"extraBlueprintDependencies": [],
	"comments": []
}
