{
    "scene": "assembly:/_pro/scenes/missions/hawk/scene_crow.entity",
    "actors": [],
    "entrances": [
        {
            "id": "7630c1cd-4ffd-4421-a1cd-e0fab7631931",
            "isDefaultSpawn": true,
            "isPreferredSpawn": true,
            "WorldTransform": "-0.719752, 0.694231, 0, -0.694231, -0.719752, 0, 0, 0, 1, 145.9, 35.238, -13"
        },{
            "id": "e690549c-d035-46fe-b175-2b73e1c048d2",
            "isDefaultSpawn": true,
            "isPreferredSpawn": false,
            "WorldTransform": "-0.719752, 0.694231, 0, -0.694231, -0.719752, 0, 0, 0, 1, 145.9, 35.238, -13"
        }
    ],
    "Exits": [{
        "id": "3204ef1b-d51d-411b-bbc0-b72faf9cfe73",
        "WorldTransform": "-1, 0, 0, 0, -1, 0, 0, 0, 1, -36.04174, 89.5, 93",
        "RequireKey": false
    }
    ]
    
}