{"f383789c-073c-4825-bbb4-8e906d428cf5":{"Description":"ui_starting_location_crow_carpark_desc","Image":"images/entrances/crow_carpark.jpg","Name":"Crow car park","Name_LOC":"ui_starting_location_crow_carpark_name"},"45e5fc0c-a909-4bc2-a561-327d3dcd16ac":{"Image":"images/actors/actor_c96f9796-0194-47c6-836c-102473cc6c3c_1_0_0.jpg","Name":"Viktor Guette","Outfit":"ab9ca1d4-4e67-4426-b8a3-4a7dcfc5051b","OutfitVariationIndex":1.0,"CharacterSetIndex":0.0,"Description":"unknown","Description_LOC":"actor_description_viktor","Tile":"images/actors/default_target.png"}}