{
	"tempHash": "0045E7CBA87680F0",
	"tbluHash": "00EAEC4D64DAED21",
	"patch": [
		{
			"AddEntity": [
				"cafe7fcb3f6184e7",
				{
					"parent": "fef80c8ec3caf936",
					"name": "Austria",
					"factory": "[modules:/zentity.class].pc_entitytype",
					"blueprint": "[modules:/zentity.class].pc_entityblueprint"
				}
			]
		},
		{
			"AddEntity": [
				"cafe9f1a157f6f8d",
				{
					"parent": "cafe7fcb3f6184e7",
					"name": "scene_crow",
					"factory": "[assembly:/templates/ui/mapexportentities.template?/menumap.entitytemplate].pc_entitytype",
					"blueprint": "[assembly:/templates/ui/mapexportentities.template?/menumap.entitytemplate].pc_entityblueprint",
					"properties": {
						"m_pMetaDataResource": {
							"type": "ZRuntimeResourceID",
							"value": {
								"resource": "0048D08C8F9F21D6",
								"flag": "5F"
							}
						}
					}
				}
			]
		}
	],
	"patchVersion": 6
}
