{
    "$schema": "http://json-schema.org/schema",
    "SMF": {
        "destinations": {
            "addToDestinations": true,
            "peacockIntegration": false,
            "narrativeContext": "Mission"
        }
    },
	"Data": {
		"EnableSaving": true,
		"Objectives": [
            {
                "Id": "9d01526d-5d71-4b6e-98c8-e5c928812ed0",
                "Primary": true,
                "RepeatSuccess": 1,
                "RepeatFailed": 1,
                "IsHidden": false,
                "HUDTemplate": { "display": "Identify and eliminate Viktor Guette" },
                "SuccessEvent": {
                    "EventName": "Kill",
                    "EventValues": {
                        "RepositoryId": "45e5fc0c-a909-4bc2-a561-327d3dcd16ac"
                    }
                }
            }


        ],
        "Bricks": [ 
            "assembly:/_pro/scenes/missions/hawk/scenario_crow.brick"
        ]
    },

		"GameDifficulties": [
			{ "Difficulty": "easy", "Bricks": [] },
			{ "Difficulty": "normal", "Bricks": [] },
			{ "Difficulty": "hard", "Bricks": [] }
		],
		"Bricks": [],
		"DevOnlyBricks": [],
		"Entrances": [
        ],
		"GameChangers": [],
		"GameChangerReferences": [],
	
	"Metadata": {
		"Id": "127cff21-1bee-470c-839d-26b40c821479",
		"IsPublished": true,
		"Title": "UI_CONTRACT_CROW_TITLE",
		"Description": "UI_CONTRACT_CROW_DESC",
		"CodeName_Hint": "SC_Hawk",
		"ScenePath": "assembly:/_pro/scenes/missions/hawk/scene_crow.entity",
		"TileImage": "images/crow/tile.jpg",
		"Location": "LOCATION_AUSTRIA",
		"LastUpdate": "2025-05-02T19:44:00.000Z",
		"CreationTimestamp": "2025-05-02T19:44:00.000Z",
		"CreatorUserId": "5b01c03b-6e4f-4353-9674-769c8a863b96",
        "Type": "mission",
		"Release": "3.0.0",
		"Entitlements": [
            "H2_LEGACY_EXPANSION"
        ]
	},
	"UserData": {}
}