{"LOCATION_PARENT_AUSTRIA":{"Guid":"d4986d7c-b86c-4be5-82a5-054e8eeeef28","Properties":{"Icon":"images/bdm_tiles/location_parent_austria/tile.jpg","Background":"images/bdm_tiles/location_parent_austria/background.jpg","Order":75,"NormalLoadoutUnlock":"","RequiredResources":["[assembly:/_pro/scenes/missions/hawk/scene_hawk.entity].entitytemplate"],"Entitlements":["LOCATION_HAWKE"],"LockedIcon":"images/bdm_tiles/location_parent_austria/tile.jpg","UpcomingKey":"UI_MENU_LIVETILE_CONTENT_UPCOMING_HEADLINE","LimitedLoadout":false,"HideProgression":null},"ImageId":null,"Rarity":null},"LOCATION_AUSTRIA":{"Guid":"2d54a3ec-419a-47d5-8cc3-81c945496c03","Properties":{"Icon":"images/bdm_tiles/location_parent_austria/tile.jpg","Background":"images/bdm_tiles/location_parent_austria/background.jpg","HideProgression":false,"CreateContractId":"964fd95c-789c-412c-bff5-17d276a92844","RequiredResources":["[assembly:/_pro/scenes/missions/hawk/scene_hawk.entity].entitytemplate"],"Entitlements":["LOCATION_HAWKE"],"LockedIcon":"images/bdm_tiles/location_parent_austria/tile.jpg","UpcomingKey":"UI_MENU_LIVETILE_CONTENT_UPCOMING_HEADLINE","LimitedLoadout":false,"Season":null},"ImageId":null,"Rarity":null},"STARTING_LOCATION_CROW_CAR_PARK":{"Guid":"7630c1cd-4ffd-4421-a1cd-e0fab7631931","Type":"access","Subtype":"startinglocation","RMTPrice":-1,"GamePrice":-1,"IsPurchasable":false,"IsPublished":true,"IsDroppable":false,"Capabilities":[],"Qualities":{},"Properties":{"Location":"LOCATION_AUSTRIA","RepositoryId":"f383789c-073c-4825-bbb4-8e906d428cf5","Equip":[]}}}